,altitude,delta,delta_lat,delta_long,distance,enhanced_altitude,enhanced_speed,heart_rate,position_lat,position_lat_deg,position_long,position_long_deg,speed,timestamp,unknown_88
0,46.799999999999955,0.0,0.0,0.0,0.0,46.799999999999955,0.0,98,625752062,52.44993193075061,159171125,13.341569574549794,0.0,2018-08-07 06:46:19,300
1,46.799999999999955,0.2700948154538559,0.24232652815828792,0.11928563654440112,0.19,46.799999999999955,0.0,98,625752088,52.44993411004543,159171146,13.34157133474946,0.0,2018-08-07 06:46:20,300
2,46.60000000000002,13.80875253071717,4.25003449385305,-13.138449423567726,15.8,46.60000000000002,3.471,95,625752544,52.449972331523895,159168833,13.341377461329103,3.471,2018-08-07 06:46:28,300
3,46.39999999999998,3.9163550439987826,1.8360894633531817,-3.4592791609261795,19.6,46.39999999999998,3.807,92,625752741,52.44998884387314,159168224,13.341326415538788,3.807,2018-08-07 06:46:29,300
4,46.60000000000002,4.0240418321569384,1.5192009265308049,-3.726250288396757,23.6,46.60000000000002,3.994,88,625752904,52.45000250637531,159167568,13.341271430253983,3.994,2018-08-07 06:46:30,300
5,46.200000000000045,32.3071365561412,7.28843634691466,-31.474271525710147,55.64,46.200000000000045,4.908,91,625753686,52.450068052858114,159162027,13.340806988999248,4.908,2018-08-07 06:46:37,300
6,46.39999999999998,4.994146737540172,0.8295023463879856,-4.92477689783202,60.56,46.39999999999998,4.927,94,625753775,52.45007551275194,159161160,13.34073431789875,4.927,2018-08-07 06:46:38,300
7,46.39999999999998,5.0082730558265345,0.5685353160636755,-4.975898571726159,65.5,46.39999999999998,4.936,97,625753836,52.45008062571287,159160284,13.340660892426968,4.936,2018-08-07 06:46:39,300
8,46.39999999999998,5.03706951604639,0.7456200866408859,-4.981578062811167,70.44,46.39999999999998,4.936,97,625753916,52.45008733123541,159159407,13.340587383136153,4.936,2018-08-07 06:46:40,300
9,46.200000000000045,10.011764714428057,1.1929921386254174,-9.940432709608002,79.79,46.200000000000045,4.535,94,625754044,52.45009806007147,159157657,13.340440699830651,4.535,2018-08-07 06:46:42,300
10,46.0,19.79302480097826,-1.2116326407914397,-19.755904867049477,101.3,46.0,3.77,94,625753914,52.450087163597345,159154179,13.340149177238345,3.77,2018-08-07 06:46:48,300
11,46.0,11.245927513800927,-11.147020295281244,-1.4882285383141711,114.14,46.0,4.497,100,625752718,52.449986916035414,159153917,13.340127216652036,4.497,2018-08-07 06:46:51,300
12,46.0,4.422074701084167,-4.408478762264238,-0.34649626929275806,118.78,46.0,4.647,103,625752245,52.44994726963341,159153856,13.340122103691101,4.647,2018-08-07 06:46:52,300
13,46.0,15.27971715442121,-15.108127005560952,-2.2834742615045234,133.55,46.0,5.011,106,625750624,52.449811398983,159153454,13.340088408440351,5.011,2018-08-07 06:46:55,300
14,45.799999999999955,10.458508135932819,-10.214995186980136,-2.243716951699926,144.06,45.799999999999955,5.272,106,625749528,52.44971953332424,159153059,13.340055299922824,5.272,2018-08-07 06:46:57,300
15,45.60000000000002,9.919275017103388,-8.322984217128889,-5.396290446812035,154.63,45.60000000000002,5.318,108,625748635,52.44964468292892,159152109,13.339975671842694,5.318,2018-08-07 06:46:59,300
16,45.39999999999998,10.427025931220683,-7.7451286499822025,-6.981106786575709,165.37,45.39999999999998,5.374,105,625747804,52.449575029313564,159150880,13.339872658252716,5.374,2018-08-07 06:47:01,300
17,45.0,13.113518306414607,-9.80490413932765,-8.70793989364112,176.7,45.0,5.738,108,625746752,52.4494868516922,159149347,13.339744163677096,5.738,2018-08-07 06:47:03,300
18,44.799999999999955,13.07196780763718,-9.059284052686763,-9.423678412203913,188.52,44.799999999999955,5.972,111,625745780,52.44940537959337,159147688,13.33960510790348,5.972,2018-08-07 06:47:05,300
19,44.799999999999955,13.792815492169652,-9.143166312433863,-10.326871209820027,200.65,44.799999999999955,6.074,109,625744799,52.44932315312326,159145870,13.339452724903822,6.074,2018-08-07 06:47:07,300
20,43.799999999999955,47.90701575835159,-32.63019904162177,-35.07637765469937,239.38,43.799999999999955,2.781,109,625741298,52.449029702693224,159139695,13.33893514238298,2.781,2018-08-07 06:47:15,300
21,43.0,17.73963430597152,-3.4018916452990418,-17.410392257018398,257.42,43.0,4.301,113,625740933,52.44899910874665,159136630,13.338678237050772,4.301,2018-08-07 06:47:21,300
22,42.799999999999955,16.553339930339057,3.5323751604611973,-16.172055793099226,274.55,42.799999999999955,4.507,115,625741312,52.44903087615967,159133783,13.338439604267478,4.507,2018-08-07 06:47:25,300
23,42.799999999999955,5.9857589208071875,3.159565117140754,-5.083941200345472,279.14,42.799999999999955,4.581,110,625741651,52.44905929081142,159132888,13.338364586234093,4.581,2018-08-07 06:47:26,300
24,42.60000000000002,5.425612975408649,2.674912060824178,-4.720394223555914,283.81,42.60000000000002,4.665,109,625741938,52.44908334687352,159132057,13.338294932618737,4.665,2018-08-07 06:47:27,300
25,42.60000000000002,5.41804324767733,2.805395575986333,-4.6351858965890695,288.51,42.60000000000002,4.703,112,625742239,52.44910857640207,159131241,13.338226536288857,4.703,2018-08-07 06:47:28,300
26,42.60000000000002,10.501590006016,5.526908892225567,-8.92953922391817,297.8,42.60000000000002,4.619,117,625742832,52.449158281087875,159129669,13.338094772771,4.619,2018-08-07 06:47:30,300
27,42.799999999999955,25.52315376008237,4.650805290422526,-25.095844038632862,319.63,42.799999999999955,2.622,114,625743331,52.4492001067847,159125251,13.337724460288882,2.622,2018-08-07 06:47:36,300
28,42.799999999999955,4.692423418095341,-3.90518520378164,-2.601608360006271,325.64,42.799999999999955,3.284,114,625742912,52.44916498661041,159124793,13.337686071172357,3.284,2018-08-07 06:47:38,300
29,43.0,16.724487353564687,-16.450243161514546,-3.016285325792154,345.62,43.0,4.339,120,625741147,52.449017046019435,159124262,13.337641563266516,4.339,2018-08-07 06:47:43,300
30,43.0,29.61266965892218,-29.479954175564025,-2.800447488365989,374.4,43.0,4.908,120,625737984,52.44875192642212,159123769,13.33760024048388,4.908,2018-08-07 06:47:49,300
31,43.0,8.797184411018138,-7.98745517814049,-3.6865991562220635,384.36,43.0,4.899,120,625737127,52.44868009351194,159123120,13.337545841932297,4.899,2018-08-07 06:47:51,300
32,43.0,8.155901565789565,-4.790609056667692,-6.600666270689812,394.11,43.0,4.852,120,625736613,52.44863701052964,159121958,13.337448444217443,4.852,2018-08-07 06:47:53,300
33,42.799999999999955,9.937387133999877,-5.601470900889655,-8.208238958355972,404.45,42.799999999999955,5.272,119,625736012,52.448586635291576,159120513,13.337327325716615,5.272,2018-08-07 06:47:55,300
34,42.60000000000002,21.22628877632116,-7.875612165144357,-19.711166080169072,426.83,42.60000000000002,5.832,119,625735167,52.44851580820978,159117043,13.337036473676562,5.832,2018-08-07 06:47:59,300
35,42.0,56.59993086628145,2.889277835733433,-56.52613773871145,480.21,42.0,5.906,122,625735477,52.44854179210961,159107092,13.336202390491962,5.906,2018-08-07 06:48:08,300
36,41.60000000000002,18.55753883408768,1.370076909202628,-18.50689430567814,498.37,41.60000000000002,6.214,122,625735624,52.44855411350727,159103834,13.335929308086634,6.214,2018-08-07 06:48:11,300
37,41.39999999999998,10.866360484113615,-2.2088995066736246,-10.63948086798049,510.41,41.39999999999998,6.037,122,625735387,52.448534248396754,159101961,13.33577231504023,6.037,2018-08-07 06:48:13,300
38,41.200000000000045,16.837076826394487,-9.264329576513006,-14.05913772447146,529.11,41.200000000000045,6.382,121,625734393,52.44845093227923,159099486,13.335564862936735,6.382,2018-08-07 06:48:16,300
39,41.200000000000045,12.700082145487492,-9.814224390410661,-8.060588447303253,541.94,41.200000000000045,6.42,121,625733340,52.44836267083883,159098067,13.335445923730731,6.42,2018-08-07 06:48:18,300
40,40.60000000000002,41.26710850126683,-35.994809682588766,-20.182862036132125,580.53,40.60000000000002,6.541,117,625729478,52.44803896173835,159094514,13.335148114711046,6.541,2018-08-07 06:48:24,300
41,40.200000000000045,19.19340141880649,-17.44751002739673,-7.998190537073587,599.65,40.200000000000045,6.308,114,625727606,52.44788205251098,159093106,13.335030097514391,6.308,2018-08-07 06:48:27,300
42,40.0,41.08208660619306,-38.95864952698629,-13.036927051732626,637.27,40.0,6.42,117,625723426,52.44753168895841,159090811,13.334837732836604,6.42,2018-08-07 06:48:33,300
43,40.0,12.990404045647441,-12.871266745638293,-1.755303287696806,650.04,40.0,6.401,120,625722045,52.44741593487561,159090502,13.334811832755804,6.401,2018-08-07 06:48:35,300
44,39.799999999999955,19.49580422823744,-19.488645014576154,-0.5282972663158628,669.42,39.799999999999955,6.438,123,625719954,52.44724066928029,159090409,13.334804037585855,6.438,2018-08-07 06:48:38,300
45,39.799999999999955,13.591096915192463,-13.52368432144907,-1.3519902854483454,682.23,39.799999999999955,6.345,127,625718503,52.44711904786527,159090171,13.334784088656306,6.345,2018-08-07 06:48:40,300
46,39.60000000000002,32.66706281207273,-32.19214724072025,-5.550013405361506,714.69,39.60000000000002,6.401,123,625715049,52.44682953692973,159089194,13.33470219746232,6.401,2018-08-07 06:48:45,300
47,39.60000000000002,15.715958625036595,-14.977643490398794,-4.760415000646138,733.46,39.60000000000002,6.168,123,625713442,52.44669483974576,159088356,13.334631957113743,6.168,2018-08-07 06:48:48,300
48,39.799999999999955,25.57500453967814,-22.1355963221513,-12.810005178270593,757.37,39.799999999999955,5.794,126,625711067,52.446495769545436,159086101,13.334442945197225,5.794,2018-08-07 06:48:52,300
49,39.799999999999955,12.839412383759687,-10.876733013873924,-6.822550058823069,768.45,39.799999999999955,5.458,129,625709900,52.446397952735424,159084900,13.334342278540134,5.458,2018-08-07 06:48:54,300
50,40.39999999999998,52.90936954592732,-41.00910476524872,-33.4313432589891,819.54,40.39999999999998,5.346,128,625705500,52.446029148995876,159079015,13.33384900353849,5.346,2018-08-07 06:49:04,300
51,40.799999999999955,62.76908165410449,-32.68612054811983,-53.58707992803317,883.17,40.799999999999955,5.813,129,625701993,52.44573519565165,159069582,13.333058338612318,5.813,2018-08-07 06:49:15,300
52,40.799999999999955,66.41218688530205,-26.637277595245646,-60.83612421252778,945.71,40.799999999999955,5.598,127,625699135,52.44549564085901,159058873,13.332160720601678,5.598,2018-08-07 06:49:26,300
53,40.799999999999955,17.957538707091192,-5.098177342407057,-17.218646410274115,962.6,40.799999999999955,5.748,127,625698588,52.44544979184866,159055842,13.331906665116549,5.748,2018-08-07 06:49:29,300
54,41.200000000000045,24.732825773126915,-4.911772320746836,-24.240197263904356,985.05,41.200000000000045,5.514,126,625698061,52.445405619218946,159051575,13.331549009308219,5.514,2018-08-07 06:49:33,300
55,41.799999999999955,41.517594944234595,-7.251155342582615,-40.879474509235926,1022.48,41.799999999999955,4.936,125,625697283,52.44534040801227,159044379,13.330945847555995,4.936,2018-08-07 06:49:40,300
56,42.799999999999955,38.55886642458553,-12.889907247804315,-36.340562338687484,1054.69,42.799999999999955,1.773,124,625695900,52.44522448629141,159037982,13.330409657210112,1.773,2018-08-07 06:49:53,300
57,42.799999999999955,62.36201068913917,-26.60931684199662,-56.400041085043036,1119.57,42.799999999999955,5.738,123,625693045,52.44498518295586,159028054,13.329577501863241,5.738,2018-08-07 06:50:08,300
58,41.799999999999955,44.02872508461516,-19.553886772157234,-39.44837315629473,1166.64,41.799999999999955,6.009,123,625690947,52.44480933062732,159021110,13.32899546250701,6.009,2018-08-07 06:50:16,300
59,41.799999999999955,6.0501977822228,-2.535108294579012,-5.493461489695762,1172.91,41.799999999999955,6.27,123,625690675,52.444786531850696,159020143,13.32891440950334,6.27,2018-08-07 06:50:17,300
60,41.60000000000002,6.063857728653082,-3.2061663725558094,-5.146927991029021,1179.2,41.60000000000002,6.289,122,625690331,52.444757698103786,159019237,13.328838469460607,6.289,2018-08-07 06:50:18,300
61,40.799999999999955,59.600307355491154,-33.282616617432545,-49.44152169953931,1238.98,40.799999999999955,6.811,122,625686760,52.44445838034153,159010534,13.328108992427588,6.811,2018-08-07 06:50:27,300
62,39.39999999999998,47.63894526841634,-21.09172820085406,-42.715431728925154,1288.27,39.39999999999998,6.989,121,625684497,52.44426869787276,159003015,13.32747875712812,6.989,2018-08-07 06:50:34,300
63,38.39999999999998,55.36056338351159,-32.44379401996155,-44.857465462619615,1342.54,38.39999999999998,6.961,122,625681016,52.44397692382336,158995119,13.326816922053695,6.961,2018-08-07 06:50:42,300
64,38.0,62.38599969148462,-39.247577310559635,-48.49371745656919,1403.36,38.0,6.308,122,625676805,52.4436239618808,158986583,13.326101442798972,6.308,2018-08-07 06:50:51,300
65,38.60000000000002,63.87704567833706,-43.65605607282387,-46.630738067918436,1464.5,38.60000000000002,5.794,121,625672121,52.44323135353625,158978375,13.325413456186652,5.794,2018-08-07 06:51:01,300
66,38.60000000000002,12.703797711109631,-9.385492840592152,-8.561483541068556,1476.39,38.60000000000002,6.037,121,625671114,52.44314694777131,158976868,13.325287140905857,6.037,2018-08-07 06:51:03,300
67,38.799999999999955,16.383401106180187,-11.007216529036079,-12.134950188974866,1495.03,38.799999999999955,6.177,122,625669933,52.443047957494855,158974732,13.325108103454113,6.177,2018-08-07 06:51:06,300
68,39.200000000000045,26.12999623502627,-20.32746761204715,-16.418610286003535,1525.35,39.200000000000045,6.177,123,625667752,52.442865148186684,158971842,13.324865866452456,6.177,2018-08-07 06:51:11,300
69,39.39999999999998,22.69943212076642,-18.165169360788585,-13.612157826705875,1549.41,39.39999999999998,5.888,126,625665803,52.44270178489387,158969446,13.324665036052465,5.888,2018-08-07 06:51:15,300
70,39.60000000000002,59.31977327669197,-49.36004973562665,-32.90016704660634,1609.58,39.60000000000002,6.018,127,625660507,52.442257879301906,158963655,13.324179640039802,6.018,2018-08-07 06:51:25,300
71,39.60000000000002,37.67384093317942,-29.060542876828528,-23.97505241626212,1646.57,39.60000000000002,6.317,128,625657389,52.44199653156102,158959435,13.323825923725963,6.317,2018-08-07 06:51:31,300
72,39.60000000000002,69.44766208516357,-52.21204656702804,-45.79170189431225,1709.19,39.60000000000002,6.121,131,625651787,52.44152697734535,158951375,13.323150342330337,6.121,2018-08-07 06:51:41,300
73,40.0,66.332913919894,-55.66053946774213,-36.08268026718618,1773.0,40.0,6.392,132,625645815,52.44102641008794,158945024,13.322618007659912,6.392,2018-08-07 06:51:51,300
74,39.799999999999955,64.65199000102788,-55.36229143308578,-33.39006586353322,1837.66,39.799999999999955,6.485,132,625639875,52.440528525039554,158939147,13.32212540321052,6.485,2018-08-07 06:52:01,300
75,39.39999999999998,63.043129566224664,-56.29431654138689,-28.37932540850689,1903.85,39.39999999999998,6.606,133,625633835,52.44002225808799,158934152,13.321706727147102,6.606,2018-08-07 06:52:11,300
76,39.39999999999998,6.190394019720734,-4.921092571829847,-3.7555060935745166,1910.4,39.39999999999998,6.55,133,625633307,52.43997800163925,158933491,13.321651322767138,6.55,2018-08-07 06:52:12,300
77,39.200000000000045,43.98606086245697,-39.03321153565038,-20.27762183809875,1958.18,39.200000000000045,7.063,134,625629119,52.43962696753442,158929922,13.321352172642946,7.063,2018-08-07 06:52:19,300
78,38.799999999999955,56.46448160280562,-47.44939826360938,-30.60706269956261,2019.53,38.799999999999955,6.699,136,625624028,52.43920024484396,158924535,13.320900639519095,6.699,2018-08-07 06:52:28,300
79,38.39999999999998,25.674991129720052,-22.340641845977544,-12.653098095761385,2046.64,38.39999999999998,6.802,134,625621631,52.43899933062494,158922308,13.320713974535465,6.802,2018-08-07 06:52:32,300
80,38.0,63.40274056804173,-55.00812189193136,-31.527988160693454,2107.14,38.0,6.662,132,625615729,52.438504630699754,158916759,13.320248862728477,6.662,2018-08-07 06:52:41,300
81,37.799999999999955,13.520125926077908,-11.734196113510942,-6.715835512180799,2120.33,37.799999999999955,6.615,132,625614470,52.438399102538824,158915577,13.320149788632989,6.615,2018-08-07 06:52:43,300
82,37.60000000000002,66.76427931158301,-58.18632751123813,-32.73866647788215,2182.78,37.60000000000002,5.841,131,625608227,52.437875820323825,158909815,13.319666823372245,5.841,2018-08-07 06:52:53,300
83,38.0,61.1706285883755,-58.68962106972073,-17.244540602450808,2242.57,38.0,5.505,129,625601930,52.43734801188111,158906780,13.319412432610989,5.505,2018-08-07 06:53:05,300
84,38.0,15.372685651951791,-15.126767507726974,-2.7386801421305034,2257.33,38.0,4.824,128,625600307,52.43721197359264,158906298,13.319372031837702,4.824,2018-08-07 06:53:08,300
85,38.0,10.382052939952157,-9.012682797271708,-5.153500950201896,2267.73,38.0,5.346,128,625599340,52.43713092058897,158905391,13.319296007975936,5.346,2018-08-07 06:53:10,300
86,37.799999999999955,9.790816596474224,-7.940853922725434,-5.727384097799903,2279.54,37.799999999999955,6.186,128,625598488,52.43705950677395,158904383,13.319211518391967,6.186,2018-08-07 06:53:12,300
87,37.200000000000045,16.012643337761666,-10.653046987881657,-11.954803910409767,2296.46,37.200000000000045,5.151,128,625597345,52.4369637016207,158902279,13.319035163149238,5.151,2018-08-07 06:53:15,300
88,37.200000000000045,13.626539739627162,-9.068604303769774,-10.170693253524394,2311.29,37.200000000000045,4.899,128,625596372,52.43688214570284,158900489,13.318885127082467,4.899,2018-08-07 06:53:18,300
89,37.200000000000045,14.665773391899615,-10.438681212972401,-10.301400085254807,2326.5,37.200000000000045,5.169,128,625595252,52.43678826838732,158898676,13.318733163177967,5.169,2018-08-07 06:53:21,300
90,37.39999999999998,9.773494751251473,-8.304343714962867,-5.153549758806721,2337.11,37.39999999999998,5.356,129,625594361,52.43671358563006,158897769,13.318657139316201,5.356,2018-08-07 06:53:23,300
91,38.39999999999998,38.37279345341042,-33.43174063476072,-18.83586991747888,2377.3,38.39999999999998,5.869,131,625590774,52.436412926763296,158894454,13.318379279226065,5.869,2018-08-07 06:53:30,300
92,38.799999999999955,22.911582551779063,-20.169023343635963,-10.869733777367976,2400.74,38.799999999999955,5.822,135,625588610,52.436231542378664,158892541,13.318218933418393,5.822,2018-08-07 06:53:34,300
93,38.799999999999955,5.3046420029965615,-4.343237004683161,-3.045573689981284,2406.65,38.799999999999955,5.906,135,625588144,52.436192482709885,158892005,13.318174006417394,5.906,2018-08-07 06:53:35,300
94,38.799999999999955,27.631024270755614,-22.58296837413583,-15.921150764434923,2435.69,38.799999999999955,5.822,138,625585721,52.43598938919604,158889203,13.317939145490527,5.822,2018-08-07 06:53:40,300
95,38.799999999999955,5.578158289848116,-4.68808629475457,-3.022862352065609,2441.53,38.799999999999955,5.841,141,625585218,52.435947228223085,158888671,13.317894553765655,5.841,2018-08-07 06:53:41,300
96,39.0,28.719093169806126,-24.586822356983213,-14.841646771236517,2470.65,39.0,5.776,140,625582580,52.43572611361742,158886059,13.317675618454814,5.776,2018-08-07 06:53:46,300
97,39.200000000000045,57.02292060176755,-43.88906234989915,-36.40554463268132,2530.82,39.200000000000045,5.869,142,625577871,52.43533140979707,158879652,13.317138589918613,5.869,2018-08-07 06:53:56,300
98,39.200000000000045,39.39781703452738,-28.221720279357534,-27.490407264349418,2574.38,39.200000000000045,6.205,141,625574843,52.43507760576904,158874814,13.316733073443174,6.205,2018-08-07 06:54:03,300
99,39.39999999999998,44.962669934763646,-34.913660556959485,-28.33157239151951,2610.7,39.39999999999998,3.004,140,625571097,52.43476361967623,158869828,13.316315151751041,3.004,2018-08-07 06:54:11,300
100,39.799999999999955,10.509352930293879,-8.257742459547812,-6.5004760198971425,2620.21,39.799999999999955,3.807,141,625570211,52.43468935601413,158868684,13.316219262778759,3.807,2018-08-07 06:54:14,300
101,40.799999999999955,8.63121740666872,0.9879466147991738,-8.574489804500788,2628.33,40.799999999999955,4.115,141,625570317,52.434698240831494,158867175,13.3160927798599,4.115,2018-08-07 06:54:16,300
102,42.0,12.991680808882771,4.865171065331781,-12.046322291261815,2642.11,42.0,4.88,142,625570839,52.43474199436605,158865055,13.315915083512664,4.88,2018-08-07 06:54:19,300
103,42.200000000000045,65.56283582271608,26.879604123403936,-59.79943413850594,2705.17,42.200000000000045,5.328,141,625573723,52.43498372845352,158854531,13.315032972022891,5.328,2018-08-07 06:54:31,300
104,42.0,42.742168687058225,19.814853802481544,-37.87168537125359,2743.36,42.0,5.458,141,625575849,52.435161927714944,158847866,13.314474318176508,5.458,2018-08-07 06:54:38,300
105,43.0,55.46841766279954,25.369723447956144,-49.32669145796215,2789.82,43.0,2.323,138,625578571,52.43539008311927,158839185,13.313746685162187,2.323,2018-08-07 06:54:52,300
106,43.60000000000002,8.101985878774428,3.6721789267063634,-7.221999522993196,2796.17,43.60000000000002,0.0,135,625578965,52.43542310781777,158837914,13.313640151172876,0.0,2018-08-07 06:54:57,300
107,43.60000000000002,0.40467812280978915,-0.07456200866408859,-0.39774978308583797,2796.17,43.60000000000002,0.0,130,625578957,52.435422437265515,158837844,13.313634283840656,0.0,2018-08-07 06:54:58,300
108,44.0,2.107864758897515,-1.9945337317643697,-0.6818570485491635,2796.17,44.0,0.0,129,625578743,52.43540449999273,158837724,13.31362422555685,0.0,2018-08-07 06:55:03,300
109,44.200000000000045,2.3330494048476056,-1.3327959048705835,-1.9148823988485475,2797.43,44.200000000000045,0.0,121,625578600,52.43539251387119,158837387,13.313595978543162,0.0,2018-08-07 06:55:14,300
110,44.200000000000045,0.16018828072454247,-0.018640502166022147,-0.15910002187455333,2797.59,44.200000000000045,0.0,115,625578598,52.43539234623313,158837359,13.313593631610274,0.0,2018-08-07 06:55:15,300
111,44.200000000000045,0.22368602599226578,-0.22368602599226578,0.0,2797.59,44.200000000000045,0.0,112,625578574,52.43539033457637,158837359,13.313593631610274,0.0,2018-08-07 06:55:16,300
112,44.200000000000045,0.05198167553538637,-0.009320251083011074,-0.05113929517715137,2797.64,44.200000000000045,0.0,112,625578573,52.43539025075734,158837350,13.313592877238989,0.0,2018-08-07 06:55:17,300
113,44.200000000000045,0.109558151464229,-0.018640502166022147,0.10796073467357226,2797.76,44.200000000000045,0.0,109,625578571,52.43539008311927,158837369,13.313594469800591,0.0,2018-08-07 06:55:20,300
114,44.200000000000045,1.615970863085938,0.8108618442219634,-1.3978071755173056,2800.05,44.200000000000045,1.614,106,625578658,52.43539737537503,158837123,13.31357385031879,1.614,2018-08-07 06:55:25,300
115,44.60000000000002,38.78099764671005,13.849893109354458,-36.22355917539836,2844.23,44.60000000000002,4.889,108,625580144,52.43552193045616,158830748,13.313039503991604,4.889,2018-08-07 06:55:36,300
116,44.60000000000002,9.542851664318613,-1.6869654460250043,-9.392559048050014,2854.36,44.60000000000002,5.179,109,625579963,52.43550675921142,158829095,13.312900951132178,5.179,2018-08-07 06:55:38,300
117,44.60000000000002,10.241759459946604,-4.5016812730943485,-9.199375117412997,2864.98,44.60000000000002,5.412,110,625579480,52.4354662746191,158827476,13.312765248119831,5.412,2018-08-07 06:55:40,300
118,44.39999999999998,57.043151846549065,-33.12417234902136,-46.440395980017044,2926.21,44.39999999999998,6.205,115,625575926,52.435168381780386,158819303,13.312080195173621,6.205,2018-08-07 06:55:50,300
119,44.39999999999998,6.219498501377863,-3.6908194288723855,-5.005997757899978,2932.35,44.39999999999998,6.14,121,625575530,52.43513518944383,158818422,13.31200635060668,6.14,2018-08-07 06:55:51,300
120,44.39999999999998,12.406341886968578,-7.176593333918527,-10.119971696398524,2944.72,44.39999999999998,6.186,124,625574760,52.435070648789406,158816641,13.311857068911195,6.186,2018-08-07 06:55:53,300
121,44.39999999999998,12.119682199110034,-6.8131035416810946,-10.0233884858244,2956.94,44.39999999999998,6.084,128,625574029,52.43500937707722,158814877,13.311709212139249,6.084,2018-08-07 06:55:55,300
122,44.39999999999998,6.1234035364780155,-3.485773905046142,-5.034426596291859,2963.05,44.39999999999998,6.102,131,625573655,52.43497802875936,158813991,13.311634948477149,6.102,2018-08-07 06:55:56,300
123,44.60000000000002,18.116117568795705,-10.820811507375856,-14.529409970410727,2981.44,44.60000000000002,6.102,134,625572494,52.43488071486354,158811434,13.311420623213053,6.102,2018-08-07 06:55:59,300
124,45.200000000000045,31.24736745351003,-15.676662321624626,-27.03035758602599,3012.13,45.200000000000045,6.056,136,625570812,52.43473973125219,158806677,13.311021896079183,6.056,2018-08-07 06:56:04,300
125,45.799999999999955,18.354239820869832,-10.49460271947047,-15.057935886518008,3030.22,45.799999999999955,5.953,141,625569686,52.43464535102248,158804027,13.310799775645137,5.953,2018-08-07 06:56:07,300
126,46.0,18.43186867139023,-9.497335853588284,-15.796657697232133,3047.61,46.0,5.738,144,625568667,52.434559939429164,158801247,13.310566758736968,5.738,2018-08-07 06:56:10,300
127,46.39999999999998,6.15153488550333,-3.5510156626272193,-5.023113497756212,3053.29,46.39999999999998,5.692,147,625568286,52.43452800437808,158800363,13.310492662712932,5.692,2018-08-07 06:56:11,300
128,46.60000000000002,12.207616372707252,-6.869025048179161,-10.091699182530038,3064.89,46.60000000000002,5.822,144,625567549,52.434466229751706,158798587,13.310343800112605,5.822,2018-08-07 06:56:13,300
129,47.0,22.340036578867373,-12.554378208815915,-18.478766791513454,3088.09,47.0,5.72,139,625566202,52.434353325515985,158795335,13.310071220621467,5.72,2018-08-07 06:56:17,300
130,47.39999999999998,17.2305037215933,-9.199087818931929,-14.569387145635838,3105.35,47.39999999999998,5.766,141,625565215,52.43427059613168,158792771,13.309856308624148,5.766,2018-08-07 06:56:20,300
131,47.60000000000002,16.78549621750923,-9.786263637161628,-13.637519103267453,3122.73,47.60000000000002,5.822,145,625564165,52.43418258614838,158790371,13.309655142948031,5.822,2018-08-07 06:56:23,300
132,48.39999999999998,49.74487994134287,-27.07532939614717,-41.73103902934536,3176.34,48.39999999999998,5.953,145,625561260,52.43393909186125,158783027,13.309039575979114,5.953,2018-08-07 06:56:32,300
133,49.0,48.721482822077405,-25.5002069631183,-41.515326485770494,3221.81,49.0,5.253,148,625558524,52.433709762990475,158775721,13.308427194133401,5.253,2018-08-07 06:56:40,300
134,49.0,24.63834366027357,-12.358652936072685,-21.31458833586623,3245.73,49.0,4.507,143,625557198,52.43359861895442,158771970,13.308112788945436,4.507,2018-08-07 06:56:45,300
135,48.200000000000045,23.91255304019168,-10.783530503043812,-21.343047176771737,3267.49,48.200000000000045,4.152,140,625556041,52.433501640334725,158768214,13.307797964662313,4.152,2018-08-07 06:56:50,300
136,48.200000000000045,14.102279121483502,-6.1420454637042985,-12.694469423415022,3278.07,48.200000000000045,2.286,138,625555382,52.433446403592825,158765980,13.307610712945461,2.286,2018-08-07 06:56:58,300
137,48.200000000000045,8.498905300637002,3.942466208113684,-7.529166720632333,3286.42,48.200000000000045,6.065,137,625555805,52.43348185904324,158764655,13.307499652728438,6.065,2018-08-07 06:57:00,300
138,48.200000000000045,11.96411795733065,8.481428485540079,-8.438334512306978,3300.1,48.200000000000045,7.101,137,625556715,52.4335581343621,158763170,13.307375181466341,7.101,2018-08-07 06:57:02,300
139,48.39999999999998,62.091897010467456,46.17252386523686,-41.515078155684954,3361.07,48.39999999999998,6.858,138,625561669,52.43397337384522,158755864,13.306762799620628,6.858,2018-08-07 06:57:11,300
140,48.39999999999998,26.796304876513833,20.92396368135986,-16.740062690928387,3389.13,48.39999999999998,7.194,141,625563914,52.43416154757142,158752918,13.306515868753195,7.194,2018-08-07 06:57:15,300
141,48.60000000000002,13.859571087724033,11.20294180177931,-8.159767504140158,3403.52,48.60000000000002,7.147,144,625565116,52.43426229804754,158751482,13.306395504623652,7.147,2018-08-07 06:57:17,300
142,48.60000000000002,7.3192626774488225,5.871758182296976,-4.3696752728462345,3410.57,48.60000000000002,7.054,150,625565746,52.43431510403752,158750713,13.306331047788262,7.054,2018-08-07 06:57:18,300
143,48.799999999999955,7.2187838043552865,5.871758182296976,-4.19920176493708,3417.6,48.799999999999955,7.035,150,625566376,52.434367910027504,158749974,13.306269105523825,7.035,2018-08-07 06:57:19,300
144,49.39999999999998,49.06944336837147,40.36600744052096,-27.899744009463983,3465.82,49.39999999999998,6.793,153,625570707,52.43473093025386,158745064,13.305857554078102,6.793,2018-08-07 06:57:26,300
145,49.39999999999998,62.98255075405309,51.86719727695663,-35.72947727185685,3527.83,49.39999999999998,7.045,153,625576272,52.43519738316536,158738776,13.305330500006676,7.045,2018-08-07 06:57:35,300
146,49.39999999999998,20.241547806498854,16.823053204834988,-11.256337702382146,3548.9,49.39999999999998,7.017,153,625578077,52.435348676517606,158736795,13.305164454504848,7.017,2018-08-07 06:57:38,300
147,49.60000000000002,61.66898337414801,51.16817844573079,-34.42210082122814,3611.69,49.60000000000002,6.998,152,625583567,52.43580884300172,158730737,13.304656678810716,6.998,2018-08-07 06:57:47,300
148,49.799999999999955,21.280914423668854,18.193130114037615,-11.040259750622477,3632.64,49.799999999999955,6.998,149,625585519,52.43597245775163,158728794,13.304493818432093,6.998,2018-08-07 06:57:50,300
149,49.60000000000002,62.76335233354487,52.715340125510636,-34.06363620631863,3694.19,49.60000000000002,6.718,146,625591175,52.436446538195014,158722799,13.303991323336959,6.718,2018-08-07 06:57:59,300
150,49.60000000000002,34.544900748550454,28.687732833508086,-19.244847429908702,3728.09,49.60000000000002,6.774,151,625594253,52.436704533174634,158719412,13.303707428276539,6.774,2018-08-07 06:58:04,300
151,49.39999999999998,7.294796350417262,5.99292144637612,-4.159200203359554,3734.93,49.39999999999998,6.839,151,625594896,52.43675842881203,158718680,13.303646072745323,6.839,2018-08-07 06:58:05,300
152,49.39999999999998,20.596591827199788,16.888294962416065,-11.790041906571208,3755.51,49.39999999999998,6.839,144,625596708,52.436910308897495,158716605,13.303472148254514,6.839,2018-08-07 06:58:08,300
153,49.39999999999998,13.793126316031682,11.575751845099754,-7.500153517807175,3769.12,49.39999999999998,6.774,140,625597950,52.437014412134886,158715285,13.30336150713265,6.774,2018-08-07 06:58:10,300
154,49.39999999999998,40.69901648033205,34.298523985480756,-21.909385999697506,3810.37,49.39999999999998,6.877,137,625601630,52.4373228661716,158711429,13.303038300946355,6.877,2018-08-07 06:58:16,300
155,49.200000000000045,60.61184169810114,51.14021769248177,-32.53418953041933,3871.79,49.200000000000045,6.755,139,625607117,52.43778278119862,158705703,13.302558353170753,6.755,2018-08-07 06:58:25,300
156,49.0,39.061516200127805,32.536996530791654,-21.613558351370525,3910.94,49.0,6.531,136,625610608,52.43807539343834,158701899,13.302239505574107,6.531,2018-08-07 06:58:31,300
157,48.60000000000002,26.29412279149377,21.5484205039216,-15.068061161288243,3938.09,48.60000000000002,6.821,130,625612920,52.438269183039665,158699247,13.302017217501998,6.821,2018-08-07 06:58:35,300
158,48.60000000000002,6.773932182689944,5.536229143308578,-3.903373424163171,3944.91,48.60000000000002,6.821,130,625613514,52.438318971544504,158698560,13.30195963382721,6.821,2018-08-07 06:58:36,300
159,48.39999999999998,21.00708065356111,16.962856971080157,-12.391889321806376,3965.05,48.39999999999998,6.69,129,625615334,52.438471522182226,158696379,13.301776824519038,6.69,2018-08-07 06:58:39,300
160,48.39999999999998,51.842304456742546,41.27939204665604,-31.362976957617693,4016.32,48.39999999999998,6.233,126,625619763,52.438842756673694,158690859,13.30131414346397,6.233,2018-08-07 06:58:47,300
161,47.799999999999955,50.676970796013364,42.20209690387414,-28.05598663344435,4065.26,47.799999999999955,6.177,123,625624291,52.4392222892493,158685921,13.300900245085359,6.177,2018-08-07 06:58:55,300
162,47.60000000000002,58.79980163540395,49.462572497539774,-31.794191203559112,4123.82,47.60000000000002,6.802,127,625629598,52.439667116850615,158680325,13.30043119378388,6.802,2018-08-07 06:59:04,300
163,47.39999999999998,20.77002350469004,17.344987265483606,-11.425641913940256,4144.11,47.39999999999998,6.699,133,625631459,52.43982310406864,158678314,13.3002626337111,6.699,2018-08-07 06:59:07,300
164,47.0,55.32218460330304,46.10728210765578,-30.5722528762109,4199.54,47.0,6.942,130,625636406,52.44023775681853,158672933,13.299811603501439,6.942,2018-08-07 06:59:15,300
165,46.60000000000002,62.7511581641681,52.603497112514496,-34.21373908940851,4263.03,46.60000000000002,7.166,130,625642050,52.440710831433535,158666911,13.299306845292449,7.166,2018-08-07 06:59:24,300
166,46.39999999999998,20.06278411475668,16.21723688443927,-11.811711741712777,4284.3,46.39999999999998,7.026,129,625643790,52.44085667654872,158664832,13.299132585525513,7.026,2018-08-07 06:59:27,300
167,46.0,63.41899608434195,51.57826949338328,-36.900557995966764,4345.78,46.0,2.538,128,625649324,52.44132053107023,158658337,13.298588180914521,2.538,2018-08-07 06:59:39,300
168,46.0,6.707497763235243,4.911772320746836,-4.567824308459229,4355.51,46.0,5.692,128,625649851,52.441364703699946,158657533,13.298520790413022,5.692,2018-08-07 06:59:41,300
169,46.200000000000045,10.675417390631344,7.37231860666176,-7.720974991933528,4369.38,46.200000000000045,7.138,129,625650642,52.44143100455403,158656174,13.29840688034892,7.138,2018-08-07 06:59:43,300
170,46.39999999999998,64.61578091919132,54.10405753687928,-35.32633722653661,4434.18,46.39999999999998,6.364,132,625656447,52.44191757403314,158649956,13.297885693609715,6.364,2018-08-07 06:59:52,300
171,46.60000000000002,12.912250562862774,11.100419039866189,-6.595976935793985,4446.47,46.60000000000002,6.037,140,625657638,52.442017402499914,158648795,13.297788379713893,6.037,2018-08-07 06:59:54,300
172,46.60000000000002,5.98055666053074,5.088857091324046,-3.141749747179041,4452.19,46.60000000000002,5.72,144,625658184,52.44206316769123,158648242,13.297742027789354,5.72,2018-08-07 06:59:55,300
173,47.0,33.01708698775872,29.144425136575627,-15.51549279319753,4482.73,47.0,4.591,141,625661311,52.442325269803405,158645511,13.29751311801374,4.591,2018-08-07 07:00:01,300
174,47.39999999999998,26.691643029035003,23.142183439116494,-13.299742601257933,4504.19,47.39999999999998,2.071,139,625663794,52.442533392459154,158643170,13.297316897660494,2.071,2018-08-07 07:00:08,300
175,47.60000000000002,5.528114365095654,4.650805290422526,-2.9883203617006604,4509.37,47.60000000000002,1.316,135,625664293,52.44257521815598,158642644,13.297272808849812,1.316,2018-08-07 07:00:11,300
176,47.799999999999955,13.437003849893586,10.50392297055348,-8.379777723229536,4524.99,47.799999999999955,5.552,132,625665420,52.44266968220472,158641169,13.297149175778031,5.552,2018-08-07 07:00:21,300
177,47.799999999999955,43.896403023895964,36.95479554413891,-23.690447119613285,4575.1,47.799999999999955,7.166,136,625669385,52.443002024665475,158636999,13.296799650415778,7.166,2018-08-07 07:00:28,300
178,47.799999999999955,14.922473135938874,11.79943787109202,-9.135287101074427,4589.71,47.799999999999955,7.334,140,625670651,52.44310813955963,158635391,13.29666486941278,7.334,2018-08-07 07:00:30,300
179,47.799999999999955,7.547712947489415,6.030202450708164,-4.539232219348619,4597.08,47.799999999999955,7.381,143,625671298,52.443162370473146,158634592,13.29659789800644,7.381,2018-08-07 07:00:31,300
180,47.60000000000002,30.90700536637729,26.12466378568004,-16.514990850813465,4627.98,47.60000000000002,7.931,146,625674101,52.443397315219045,158631685,13.296354236081243,7.931,2018-08-07 07:00:35,300
181,46.60000000000002,58.598432762742746,48.819475172812005,-32.41041755517621,4689.42,46.60000000000002,9.424,144,625679339,52.44383635930717,158625980,13.295876048505306,9.424,2018-08-07 07:00:42,300
182,46.0,17.73885988181402,14.912401732817719,-9.606634398460578,4708.03,46.0,9.191,145,625680939,52.443970469757915,158624289,13.295734310522676,9.191,2018-08-07 07:00:44,300
183,44.799999999999955,37.53398038057481,31.278762634585163,-20.747016442338253,4742.81,44.799999999999955,8.062,143,625684295,52.44425176642835,158620637,13.295428203418851,8.062,2018-08-07 07:00:48,300
184,44.39999999999998,37.76249873629251,30.682266565272453,-22.01374182700563,4778.3,44.39999999999998,6.755,147,625687587,52.44452769868076,158616762,13.295103404670954,6.755,2018-08-07 07:00:53,300
185,45.799999999999955,63.310693057731186,51.47574673147016,-36.85771769776027,4844.51,45.799999999999955,6.308,148,625693110,52.44499063119292,158610274,13.294559586793184,6.308,2018-08-07 07:01:03,300
186,46.0,5.667465968389859,5.135458346739101,-2.3973397906356317,4850.72,46.0,6.205,149,625693661,52.4450368154794,158609852,13.2945242151618,6.205,2018-08-07 07:01:04,300
187,47.0,16.697078712904748,15.257251022889129,-6.782973446025381,4868.94,47.0,6.018,149,625695298,52.445174027234316,158608658,13.294424135237932,6.018,2018-08-07 07:01:07,300
188,47.39999999999998,10.295498649107554,9.068604303769774,-4.874187974978375,4879.72,47.39999999999998,5.244,145,625696271,52.445255583152175,158607800,13.29435221850872,5.244,2018-08-07 07:01:09,300
189,47.39999999999998,5.2503727336766115,4.7440078012526365,-2.2496230404645443,4884.73,47.39999999999998,5.011,142,625696780,52.44529824703932,158607404,13.294319026172161,5.011,2018-08-07 07:01:10,300
190,47.60000000000002,4.398268247914397,3.2061663725558094,-3.0108571490697305,4890.17,47.60000000000002,5.44,142,625697124,52.44532708078623,158606874,13.294274602085352,5.44,2018-08-07 07:01:11,300
191,47.799999999999955,6.813044293329205,6.1420454637042985,-2.9483639640748374,4895.92,47.799999999999955,5.757,139,625697783,52.44538231752813,158606355,13.294231100007892,5.757,2018-08-07 07:01:12,300
192,48.200000000000045,5.60706102363733,4.585563532841448,-3.226722859042525,4901.74,48.200000000000045,5.813,139,625698275,52.44542355649173,158605787,13.294183490797877,5.813,2018-08-07 07:01:13,300
193,48.799999999999955,12.359690279093376,10.76489000087779,-6.072815414955133,4914.05,48.799999999999955,6.252,145,625699430,52.445520367473364,158604718,13.294093888252974,6.252,2018-08-07 07:01:15,300
194,49.39999999999998,13.105470299904992,11.501189836435666,-6.282991654296603,4926.71,49.39999999999998,6.289,147,625700664,52.4456238001585,158603612,13.294001184403896,6.289,2018-08-07 07:01:17,300
195,49.39999999999998,6.052957524362378,5.070216589158024,-3.3062363089715614,4933.0,49.39999999999998,6.289,151,625701208,52.445669397711754,158603030,13.293952401727438,6.289,2018-08-07 07:01:18,300
196,49.799999999999955,12.325238594472568,10.121792676150026,-7.03283864678494,4945.83,49.799999999999955,6.485,155,625702294,52.4457604251802,158601792,13.293848633766174,6.485,2018-08-07 07:01:20,300
197,50.60000000000002,19.816385040157453,16.235877386605292,-11.361575663036135,4965.3,50.60000000000002,6.448,154,625704036,52.445906437933445,158599792,13.293680995702744,6.448,2018-08-07 07:01:23,300
198,50.799999999999955,24.887925386587835,19.917376564394665,-14.92336895075858,4990.0,50.799999999999955,6.018,157,625706173,52.44608555920422,158597165,13.293460803106427,6.018,2018-08-07 07:01:27,300
199,51.0,11.632308400201289,9.506656104671295,-6.703289373502346,5001.68,51.0,5.738,156,625707193,52.44617105461657,158595985,13.293361896649003,5.738,2018-08-07 07:01:29,300
200,51.39999999999998,28.942866861749476,24.03692754308556,-16.121899902474603,5029.91,51.39999999999998,5.524,156,625709772,52.446387223899364,158593147,13.293124018236995,5.524,2018-08-07 07:01:34,300
201,51.60000000000002,10.990135537284798,5.946320190961065,-9.242529703195927,5041.23,51.60000000000002,5.832,156,625710410,52.4464407004416,158591520,13.292987644672394,5.832,2018-08-07 07:01:36,300
202,51.60000000000002,11.684623847220058,1.5378414286968274,-11.582982266722476,5053.58,51.60000000000002,6.214,156,625710575,52.44645453058183,158589481,13.292816737666726,6.214,2018-08-07 07:01:38,300
203,52.39999999999998,65.75913151498628,-3.439172649631086,-65.66913635103855,5119.09,52.39999999999998,5.785,154,625710206,52.44642360135913,158577921,13.291847789660096,5.785,2018-08-07 07:01:49,300
204,52.60000000000002,5.696117942766124,-0.21436577490925468,-5.692082829022231,5124.95,52.60000000000002,5.86,154,625710183,52.4464216735214,158576919,13.291763802990317,5.86,2018-08-07 07:01:50,300
205,53.60000000000002,60.81303402028198,-1.2209528918744508,-60.800776152840335,5184.05,53.60000000000002,6.009,153,625710052,52.446410693228245,158566216,13.290866687893867,6.009,2018-08-07 07:02:00,300
206,54.200000000000045,53.39912732025501,1.752207203606082,-53.37037163521008,5238.91,54.200000000000045,6.056,156,625710240,52.44642645120621,158556821,13.290079208090901,6.056,2018-08-07 07:02:09,300
207,54.60000000000002,34.461807421976744,-0.4194112987354983,-34.45925514215164,5274.46,54.60000000000002,5.897,153,625710195,52.44642267934978,158550755,13.289570761844516,5.897,2018-08-07 07:02:15,300
208,54.60000000000002,5.636768148014879,0.5219340606486201,-5.612552003394706,5280.44,54.60000000000002,5.99,152,625710251,52.446427373215556,158549767,13.289487948641181,5.99,2018-08-07 07:02:16,300
209,55.0,56.18800796111036,0.0,-56.18800796111036,5341.08,55.0,6.018,150,625710251,52.446427373215556,158539876,13.288658894598484,6.018,2018-08-07 07:02:26,300
210,55.0,30.602092893512506,0.055921506498066445,-30.602041798681988,5371.67,55.0,6.224,147,625710257,52.446427876129746,158534489,13.288207361474633,6.224,2018-08-07 07:02:31,300
211,55.0,12.699064463978555,0.5964960693127087,-12.685047524529715,5384.39,55.0,6.364,144,625710321,52.446433240547776,158532256,13.288020193576813,6.364,2018-08-07 07:02:33,300
212,54.799999999999955,12.301526331230026,0.26096703032431007,-12.298757916433242,5397.15,54.799999999999955,6.364,141,625710349,52.446435587480664,158530091,13.287838725373149,6.364,2018-08-07 07:02:35,300
213,54.39999999999998,61.251765508172916,1.5378414286968274,-61.23245725600423,5459.71,54.39999999999998,6.177,138,625710514,52.4464494176209,158519312,13.286935240030289,6.177,2018-08-07 07:02:45,300
214,53.799999999999955,53.72770237930041,-2.805395575986333,-53.65441043027981,5515.63,53.799999999999955,6.196,138,625710213,52.44642418809235,158509867,13.286143569275737,6.196,2018-08-07 07:02:54,300
215,53.799999999999955,12.117976541675231,-4.716047048003603,-11.162627634459895,5527.81,53.799999999999955,6.084,138,625709707,52.4463817756623,158507902,13.285978864878416,6.084,2018-08-07 07:02:56,300
216,53.60000000000002,24.76975182343722,-12.628940217480006,-21.30846015971092,5551.83,53.60000000000002,5.878,142,625708352,52.44626820087433,158504151,13.285664459690452,5.878,2018-08-07 07:03:00,300
217,53.60000000000002,5.529180035090267,-3.64421817345733,-4.158305636275925,5557.62,53.60000000000002,5.794,142,625707961,52.44623542763293,158503419,13.285603104159236,5.794,2018-08-07 07:03:01,300
218,53.60000000000002,10.422315994047443,-6.1047644593722525,-8.44727894504275,5568.8,53.60000000000002,5.514,144,625707306,52.446180526167154,158501932,13.285478465259075,5.514,2018-08-07 07:03:03,300
219,53.39999999999998,29.314692471103683,-18.20245036512063,-22.978729194207038,5599.1,53.39999999999998,4.889,141,625705353,52.446016827598214,158497887,13.285139417275786,4.889,2018-08-07 07:03:09,300
220,53.39999999999998,9.323081460395702,-5.806516424715899,-7.29412194350208,5609.01,53.39999999999998,4.945,138,625704730,52.445964608341455,158496603,13.285031793639064,4.945,2018-08-07 07:03:11,300
221,53.200000000000045,4.823304292314695,-2.786755073820311,-3.936783008345535,5613.82,53.200000000000045,4.805,135,625704431,52.44593954645097,158495910,13.284973707050085,4.805,2018-08-07 07:03:12,300
222,53.200000000000045,4.350661404550989,-2.674912060824178,-3.43119514512173,5618.48,53.200000000000045,4.656,135,625704144,52.44591549038887,158495306,13.284923080354929,4.656,2018-08-07 07:03:13,300
223,53.0,3.993856202124297,-3.0104410998125766,-2.6245250518533743,5623.02,53.0,4.544,131,625703821,52.445888416841626,158494844,13.284884355962276,4.544,2018-08-07 07:03:14,300
224,53.0,3.8383690420528542,-2.581709549994067,-2.840396574856965,5627.47,53.0,4.451,127,625703544,52.44586519896984,158494344,13.284842446446419,4.451,2018-08-07 07:03:15,300
225,52.60000000000002,9.792439185098326,-2.404624779416857,-9.492610013271566,5638.75,52.60000000000002,3.443,126,625703286,52.44584357365966,158492673,13.284702384844422,3.443,2018-08-07 07:03:18,300
226,52.60000000000002,3.152067385149743,1.4353186667837055,-2.806312371299208,5642.26,52.60000000000002,3.508,129,625703440,52.44585648179054,158492179,13.284660978242755,3.508,2018-08-07 07:03:19,300
227,52.60000000000002,16.353253755588423,10.410720459723368,-12.611336483662786,5658.99,52.60000000000002,2.071,126,625704557,52.44595010764897,158489959,13.284474899992347,2.071,2018-08-07 07:03:26,300
228,52.799999999999955,19.03762312536443,8.872879031026542,-16.84348871119579,5678.68,52.799999999999955,5.841,128,625705509,52.44602990336716,158486994,13.28422637656331,5.841,2018-08-07 07:03:31,300
229,52.799999999999955,8.80662363407457,-3.3459701388009755,-8.146232482718192,5690.1,52.799999999999955,5.785,128,625705150,52.445999812334776,158485560,13.28410618007183,5.785,2018-08-07 07:03:33,300
230,52.799999999999955,8.665442685629499,-7.446880615325848,-4.431011852727758,5701.99,52.799999999999955,5.953,128,625704351,52.445932840928435,158484780,13.284040801227093,5.953,2018-08-07 07:03:35,300
231,52.799999999999955,11.161720652746842,-10.84877226062489,-2.624528217994863,5714.07,52.799999999999955,6.252,128,625703187,52.44583527557552,158484318,13.28400207683444,6.252,2018-08-07 07:03:37,300
232,52.799999999999955,8.366846757053835,-3.8679041994495957,-7.4191267518423265,5726.03,52.799999999999955,5.981,128,625702772,52.44580049067736,158483012,13.28389260917902,5.981,2018-08-07 07:03:39,300
233,52.60000000000002,10.399491496505522,2.544428545662023,-10.083417414840612,5739.05,52.60000000000002,6.597,129,625703045,52.445823373273015,158481237,13.283743830397725,6.597,2018-08-07 07:03:41,300
234,52.39999999999998,31.708208717449647,15.080166252311917,-27.892634975419274,5772.17,52.39999999999998,6.615,132,625704663,52.44595899246633,158476327,13.283332278952003,6.615,2018-08-07 07:03:46,300
235,52.39999999999998,55.01580910441127,33.79523042699815,-43.41222928852099,5825.56,52.39999999999998,6.802,136,625708289,52.44626292027533,158468685,13.282691733911633,6.802,2018-08-07 07:03:54,300
236,52.200000000000045,62.232389110582375,33.627465907503954,-52.36471895322833,5888.78,52.200000000000045,7.129,134,625711897,52.44656533934176,158459467,13.281919090077281,7.129,2018-08-07 07:04:03,300
237,52.200000000000045,14.57397081838625,5.936999939878054,-13.309870665376954,5902.79,52.200000000000045,7.017,137,625712534,52.44661873206496,158457124,13.281722702085972,7.017,2018-08-07 07:04:05,300
238,52.0,61.224703739175865,24.670704616730312,-56.03410284517721,5964.68,52.0,6.839,140,625715181,52.44684060104191,158447260,13.280895911157131,6.839,2018-08-07 07:04:14,300
239,52.0,33.464115464153096,9.217728321097951,-32.1695587224413,5998.98,52.0,6.839,137,625716170,52.44692349806428,158441597,13.280421243980527,6.839,2018-08-07 07:04:19,300
240,52.0,27.293658680144723,6.225927723451398,-26.574078123814544,6026.78,52.0,6.951,141,625716838,52.446979489177465,158436919,13.280029138550162,6.951,2018-08-07 07:04:23,300
241,51.799999999999955,6.865584014897383,1.742886952523071,-6.64067684323965,6033.75,51.799999999999955,6.97,141,625717025,52.446995163336396,158435750,13.279931154102087,6.97,2018-08-07 07:04:24,300
242,51.60000000000002,20.722761872499728,5.89971893554601,-19.8652001275066,6054.64,51.60000000000002,6.951,139,625717658,52.44704822078347,158432253,13.279638038948178,6.951,2018-08-07 07:04:27,300
243,51.39999999999998,34.49538009575127,11.501189836435666,-32.521590986552646,6088.65,51.39999999999998,6.681,136,625718892,52.44715165346861,158426528,13.279158174991608,6.681,2018-08-07 07:04:32,300
244,51.200000000000045,19.05984535513854,7.754448901065214,-17.41109494553874,6108.19,51.200000000000045,6.448,133,625719724,52.447221390902996,158423463,13.2789012696594,6.448,2018-08-07 07:04:35,300
245,51.200000000000045,60.23344750660637,32.742042054617905,-50.557164483629194,6170.83,51.200000000000045,6.093,131,625723237,52.44751584716141,158414563,13.278155280277133,6.093,2018-08-07 07:04:45,300
246,51.39999999999998,28.243849124335345,13.52368432144907,-24.795664454335782,6200.3,51.39999999999998,5.972,129,625724688,52.44763746857643,158410198,13.277789410203695,5.972,2018-08-07 07:04:50,300
247,51.39999999999998,10.498570550715481,-2.25550076208868,-10.253423814539596,6211.92,51.39999999999998,5.86,129,625724446,52.447617184370756,158408393,13.277638116851449,5.86,2018-08-07 07:04:52,300
248,51.39999999999998,10.158135395066981,-7.400279359910793,-6.9587053465275375,6223.74,51.39999999999998,5.934,129,625723652,52.447550632059574,158407168,13.277535438537598,5.934,2018-08-07 07:04:54,300
249,51.60000000000002,11.32069027283603,-9.79558388824464,-5.674906566794411,6235.93,51.60000000000002,6.046,127,625722601,52.44746253825724,158406169,13.277451703324914,6.046,2018-08-07 07:04:56,300
250,52.0,64.72667316539425,-58.111765502574045,-28.505524538826037,6300.04,52.0,5.757,128,625716366,52.446939926594496,158401151,13.277031099423766,5.757,2018-08-07 07:05:07,300
251,52.0,5.253955578832574,-4.837210312082748,-2.0507183183036752,6305.73,52.0,5.692,125,625715847,52.446896424517035,158400790,13.277000840753317,5.692,2018-08-07 07:05:08,300
252,51.799999999999955,60.68643088900952,-58.00924274066092,-17.82612270522133,6369.07,51.799999999999955,5.832,127,625709623,52.44637473486364,158397652,13.276737816631794,5.832,2018-08-07 07:05:19,300
253,50.60000000000002,39.5544753206585,-37.83089914594195,-11.549008083041205,6410.05,50.60000000000002,5.832,131,625705564,52.446034513413906,158395619,13.276567412540317,5.832,2018-08-07 07:05:26,300
254,50.60000000000002,11.51569535937505,-11.165660797447266,-2.8176689951591785,6421.8,50.60000000000002,5.86,132,625704366,52.44593409821391,158395123,13.276525838300586,5.86,2018-08-07 07:05:28,300
255,50.60000000000002,24.432186878993402,-23.32858846077672,-7.260076867208259,6445.12,50.60000000000002,5.841,135,625701863,52.44572429917753,158393845,13.276418717578053,5.841,2018-08-07 07:05:32,300
256,50.39999999999998,45.139589744243544,-42.835873977518894,-14.236237665223793,6489.23,50.39999999999998,5.123,133,625697267,52.44533906690776,158391339,13.276208667084575,5.123,2018-08-07 07:05:40,300
257,50.39999999999998,9.804912239105423,-7.98745517814049,-5.686551133486449,6499.38,50.39999999999998,5.029,133,625696410,52.44526723399758,158390338,13.276124764233828,5.029,2018-08-07 07:05:42,300
258,50.39999999999998,9.287279640002719,-3.0197613508955876,-8.782630841339415,6509.26,50.39999999999998,4.927,133,625696086,52.44524007663131,158388792,13.275995180010796,4.927,2018-08-07 07:05:44,300
259,50.39999999999998,10.015613539872776,2.1995792555906135,-9.77109848883217,6519.71,50.39999999999998,5.318,133,625696322,52.44525985792279,158387072,13.275851011276245,5.318,2018-08-07 07:05:46,300
260,49.799999999999955,34.79793149888306,9.944707905572816,-33.3466463272365,6555.68,49.799999999999955,4.852,132,625697389,52.44534929282963,158381202,13.275358993560076,4.852,2018-08-07 07:05:53,300
261,49.799999999999955,13.903275523231576,6.020882199625153,-12.531961052170855,6569.97,49.799999999999955,4.721,130,625698035,52.44540343992412,158378996,13.275174088776112,4.721,2018-08-07 07:05:56,300
262,49.60000000000002,22.285841637912256,6.33777073644753,-21.365659353325206,6592.82,49.60000000000002,4.479,122,625698715,52.44546043686569,158375235,13.27485884539783,4.479,2018-08-07 07:06:01,300
263,49.60000000000002,4.401888358883581,0.5405745628146423,-4.368569590393696,6597.25,49.60000000000002,4.423,117,625698773,52.44546529836953,158374466,13.27479438856244,4.423,2018-08-07 07:06:02,300
264,49.60000000000002,4.534383135901608,0.33552903898839864,-4.521952088108014,6601.62,49.60000000000002,4.376,112,625698809,52.44546831585467,158373670,13.274727668613195,4.376,2018-08-07 07:06:03,300
265,49.60000000000002,11.574717695452652,-4.529642026343382,-10.651592972068007,6614.64,49.60000000000002,4.329,110,625698323,52.445427579805255,158371795,13.274570507928729,4.329,2018-08-07 07:06:06,300
266,49.39999999999998,6.53566403597989,-5.610791151972666,-3.351705094447628,6623.23,49.39999999999998,4.292,111,625697721,52.44537712074816,158371205,13.274521054700017,4.292,2018-08-07 07:06:08,300
267,49.200000000000045,14.055129691177342,-13.262717291124757,-4.6526337370907775,6640.49,49.200000000000045,4.292,114,625696298,52.44525784626603,158370386,13.274452406913042,4.292,2018-08-07 07:06:12,300
268,49.200000000000045,14.753280132439516,-12.722142728310116,-7.470365390443801,6658.67,49.200000000000045,2.995,113,625694933,52.44514343328774,158369071,13.274342184886336,2.995,2018-08-07 07:06:17,300
269,49.39999999999998,32.77092295906917,5.7226341649688,-32.26739608030339,6693.87,49.39999999999998,0.0,116,625695547,52.44519489817321,158363391,13.273866092786193,0.0,2018-08-07 07:06:34,300
270,49.200000000000045,0.9224625498528922,0.5126138095656091,-0.766918664607749,6694.16,49.200000000000045,0.0,119,625695602,52.44519950821996,158363256,13.273854777216911,0.0,2018-08-07 07:06:41,300
271,49.60000000000002,2.419876691789791,2.283461515337713,-0.8010035651850119,6698.1,49.60000000000002,0.0,121,625695847,52.44522004388273,158363115,13.27384295873344,0.0,2018-08-07 07:06:54,300
